spot_id,tau,lambda,n_celltypes,rmse
0,0.15,5,26,5.206742608237785
1,0.15,5,26,11.053954208156766
2,0.15,5,26,15.89922403160324
3,0.15,5,26,3.494733736191487
4,0.15,5,26,21.23204596559638
5,0.15,5,26,19.089365182872584
6,0.15,5,26,21.570244087679484
7,0.15,5,26,10.716468767700743
8,0.15,5,26,7.818251346892861
9,0.15,5,26,4.100945771143191
10,0.15,5,26,22.207879928731884
11,0.15,5,26,5.9885042101394035
12,0.15,5,26,12.653325029576818
13,0.15,5,26,7.733368621136261
14,0.15,5,26,6.634572701894666
15,0.15,5,26,8.089953958850005
16,0.15,5,26,10.805060381099736
17,0.15,5,26,5.539925345965892
18,0.15,5,26,13.408473922578526
19,0.15,5,26,18.65800515275135
20,0.15,5,26,8.954062227146828
21,0.15,5,26,10.343550787994639
22,0.15,5,26,14.416089944926247
23,0.15,5,25,7.1737937984717
24,0.15,5,26,11.802729146396958
25,0.15,5,26,3.657293462194323
26,0.15,5,26,12.748265292575107
27,0.15,5,26,5.0745940083562955
28,0.15,5,26,7.885500320681609
29,0.15,5,26,17.729417519466796
30,0.15,5,26,15.696945070849578
31,0.15,5,26,27.52085341553498
32,0.15,5,26,8.652471271350816
33,0.15,5,26,8.654928487178326
34,0.15,5,26,6.643555572883508
35,0.15,5,26,4.671285343586157
36,0.15,5,26,9.609476087013986
37,0.15,5,26,7.949178148268397
38,0.15,5,26,11.816681067455127
39,0.15,5,26,4.648090744706606
40,0.15,5,26,7.7029076603305064
41,0.15,5,26,18.71392181076593
42,0.15,5,26,10.649728060718692
43,0.15,5,26,9.315381097903478
44,0.15,5,26,7.442568868846667
45,0.15,5,26,8.954136035480962
46,0.15,5,26,8.107752112546576
47,0.15,5,26,7.468224309454178
48,0.15,5,26,5.73709006459848
49,0.15,5,26,5.557844260984065
50,0.15,5,26,8.924338461821835
51,0.15,5,26,17.29590022427651
52,0.15,5,26,16.31955931691602
53,0.15,5,26,17.47725144127735
54,0.15,5,26,15.096566538574546
55,0.15,5,26,9.850966577878618
56,0.15,5,26,11.863791041990787
57,0.15,5,26,23.895079742661967
58,0.15,5,26,7.92681161153831
59,0.15,5,26,13.23064317736694
60,0.15,5,26,8.145047847287524
61,0.15,5,26,6.8523691796120465
62,0.15,5,26,8.242482758061707
63,0.15,5,26,5.527586565373595
64,0.15,5,26,12.981959364718138
65,0.15,5,26,13.612424481150128
66,0.15,5,26,6.385317631412727
67,0.15,5,26,14.889924323905099
68,0.15,5,26,6.329690803683638
69,0.15,5,26,11.4196264954478
70,0.15,5,26,7.69033589458858
71,0.15,5,26,21.83466783874324
72,0.15,5,26,12.006635628655024
73,0.15,5,26,5.217152159406991
74,0.15,5,26,11.144786851446439
75,0.15,5,26,5.18662926662108
76,0.15,5,26,18.951572800423538
77,0.15,5,26,19.501834656412843
78,0.15,5,26,14.727433146003564
79,0.15,5,26,9.56446956617917
80,0.15,5,26,13.033851441393011
81,0.15,5,26,11.814116761056766
82,0.15,5,26,5.100534124652471
83,0.15,5,26,7.568799321694724
84,0.15,5,26,6.548342297523087
85,0.15,5,26,9.746581312241474
86,0.15,5,26,9.494985332272703
87,0.15,5,26,14.867962456556144
88,0.15,5,26,18.26074315695068
89,0.15,5,26,8.171409854762986
90,0.15,5,26,7.453056058769813
91,0.15,5,26,8.381862380083412
92,0.15,5,26,9.732046929037882
93,0.15,5,26,5.434715137081385
94,0.15,5,26,13.286619050726674
95,0.15,5,26,4.16795947679125
96,0.15,5,26,7.800533388857562
97,0.15,5,26,17.741112803469512
98,0.15,5,26,10.640126076956763
99,0.15,5,26,8.384539859078744
100,0.15,5,25,5.020368365561138
101,0.15,5,26,11.399543086855855
102,0.15,5,26,6.837703167975931
103,0.15,5,26,9.227355638903134
104,0.15,5,26,13.605513166381195
105,0.15,5,26,10.505953077270293
106,0.15,5,26,8.446327432016583
107,0.15,5,26,6.218285520480399
108,0.15,5,26,9.116234129371238
109,0.15,5,26,5.731735912143716
110,0.15,5,26,8.692134071766754
111,0.15,5,26,7.0986257868584755
112,0.15,5,26,4.263458313503442
113,0.15,5,26,14.896865433680654
114,0.15,5,26,7.71090320181373
115,0.15,5,26,7.376890221107299
116,0.15,5,26,3.59444758376532
117,0.15,5,26,11.15154901685011
118,0.15,5,26,19.623844597170642
119,0.15,5,26,9.504872945686502
120,0.15,5,26,4.335859401105736
121,0.15,5,26,6.250106532912473
122,0.15,5,26,8.132034131997601
123,0.15,5,26,13.442774782149453
124,0.15,5,26,10.049393021943729
125,0.15,5,26,4.865593375164017
126,0.15,5,26,8.568203002300564
127,0.15,5,26,17.77704675096133
128,0.15,5,26,9.30386056148782
129,0.15,5,26,9.853420244230769
130,0.15,5,26,7.063333180920401
131,0.15,5,26,11.88900964942864
132,0.15,5,26,13.499337292146253
133,0.15,5,26,11.119439072332536
134,0.15,5,26,20.08288633191869
135,0.15,5,26,7.532801283188006
136,0.15,5,26,6.918284555343042
137,0.15,5,26,11.095394237578319
138,0.15,5,26,7.5363796198033475
139,0.15,5,26,6.707426672594271
140,0.15,5,26,9.877455648098293
141,0.15,5,26,9.070113959977528
142,0.15,5,26,7.617376646525758
143,0.15,5,26,10.681249365125625
144,0.15,5,26,7.190472020254867
145,0.15,5,26,12.465049185571907
146,0.15,5,26,6.478173740023518
147,0.15,5,26,5.257891234921492
148,0.15,5,26,25.930137940813353
149,0.15,5,26,9.241180031187646
150,0.15,5,26,7.403171121305029
151,0.15,5,26,4.743431811076367
152,0.15,5,26,4.814000602367069
153,0.15,5,26,4.672847222584345
154,0.15,5,26,8.754546085467544
155,0.15,5,26,14.285631641482414
156,0.15,5,26,13.101022658434827
157,0.15,5,26,5.9451211445061345
158,0.15,5,26,7.8713082784674855
159,0.15,5,26,10.218673112661168
160,0.15,5,26,7.250183755553001
161,0.15,5,26,7.896335124126654
162,0.15,5,26,5.989511063776673
163,0.15,5,26,7.607358426560579
164,0.15,5,26,7.610004450505296
165,0.15,5,26,6.532818111845856
166,0.15,5,26,8.157846538973857
167,0.15,5,26,5.900198911711563
168,0.15,5,26,9.961046925951264
169,0.15,5,26,12.495624252168303
170,0.15,5,26,10.669716758218703
171,0.15,5,26,5.041675864177233
172,0.15,5,26,17.427045179803567
173,0.15,5,26,10.309564813959575
174,0.15,5,26,5.003442686121837
175,0.15,5,26,12.46166077717233
176,0.15,5,26,10.017693825401842
177,0.15,5,26,8.568125228428393
178,0.15,5,26,21.40505006804417
179,0.15,5,26,18.336341348017537
180,0.15,5,26,15.213910108483118
181,0.15,5,26,12.66224238865591
182,0.15,5,26,9.112115783223581
183,0.15,5,26,6.257658998146589
184,0.15,5,26,3.4383843054248624
185,0.15,5,26,14.441126458199443
186,0.15,5,26,4.3858065750433886
187,0.15,5,26,9.601617868094168
188,0.15,5,26,9.787910931930996
189,0.15,5,26,5.120470355345174
190,0.15,5,26,7.595488530468961
191,0.15,5,26,9.674904804892492
192,0.15,5,25,3.94930103628786
193,0.15,5,26,7.539352054979256
194,0.15,5,26,12.246913995756199
195,0.15,5,26,12.646764358931327
196,0.15,5,26,6.174735331264352
197,0.15,5,26,6.235852720736481
198,0.15,5,26,8.472082585040054
199,0.15,5,26,16.979710258192874
200,0.15,5,26,11.198483541441654
201,0.15,5,26,8.30002907908473
202,0.15,5,26,6.010393824220974
203,0.15,5,26,9.749363213315897
204,0.15,5,26,6.260851727543368
205,0.15,5,26,5.771246840477614
206,0.15,5,26,11.534965047482382
207,0.15,5,26,6.292095921240661
208,0.15,5,26,22.585964535650017
209,0.15,5,26,23.358633890012154
210,0.15,5,26,8.900434050764384
211,0.15,5,26,13.306697996579004
212,0.15,5,26,18.120395301804187
213,0.15,5,25,6.3456766656019425
214,0.15,5,26,37.147765811674624
215,0.15,5,25,6.5132232925481475
216,0.15,5,26,19.69109767436916
217,0.15,5,26,13.430134731077306
218,0.15,5,26,12.580693429052271
219,0.15,5,26,14.12322554285379
220,0.15,5,26,18.056340293774177
221,0.15,5,26,6.447275994036057
222,0.15,5,26,7.067822671049508
223,0.15,5,26,15.663395386001818
224,0.15,5,26,7.4192846761158755
225,0.15,5,26,4.9663999358301485
226,0.15,5,25,5.7736936995621075
227,0.15,5,26,18.992103817201112
228,0.15,5,26,24.522207727905048
229,0.15,5,26,12.980223984460398
230,0.15,5,26,6.180289621745965
231,0.15,5,26,12.888497720590223
232,0.15,5,26,8.022760936705938
233,0.15,5,26,4.402835808043708
234,0.15,5,26,11.106455601468936
235,0.15,5,26,6.392248876620947
236,0.15,5,26,5.905315244474027
237,0.15,5,26,9.513980083793285
238,0.15,5,26,9.64608591897144
239,0.15,5,26,7.310047900021255
240,0.15,5,26,7.367195213601218
241,0.15,5,26,8.186131143585941
242,0.15,5,26,6.235506850339273
243,0.15,5,26,18.765321947339523
244,0.15,5,26,10.468258389635926
245,0.15,5,26,15.017730052139578
246,0.15,5,26,20.350559444874996
247,0.15,5,26,5.076848989259815
248,0.15,5,26,9.462160898507777
249,0.15,5,26,7.578122398568523
250,0.15,5,26,14.760010661016956
251,0.15,5,26,6.4904359163784795
252,0.15,5,26,11.901531656944615
253,0.15,5,26,11.524002359141438
254,0.15,5,26,12.202133721467508
255,0.15,5,26,22.5866693692965
256,0.15,5,26,6.532455964157584
257,0.15,5,26,15.66490462824347
258,0.15,5,26,5.82865953892865
259,0.15,5,26,10.586295678768675
260,0.15,5,26,8.250243045009782
261,0.15,5,26,6.6984724633104795
262,0.15,5,26,6.549141525268303
263,0.15,5,26,17.341090187308637
264,0.15,5,10,1.2798538845119058
265,0.15,5,26,4.346046680609546
266,0.15,5,26,17.783304573516013
267,0.15,5,26,15.104197388750027
268,0.15,5,26,17.373040152891704
269,0.15,5,26,6.770285768327542
270,0.15,5,26,6.915367401533447
271,0.15,5,26,20.893122085009292
272,0.15,5,26,19.435851904210395
273,0.15,5,26,18.203532747360775
274,0.15,5,26,4.620802795810993
275,0.15,5,26,10.780539994559712
276,0.15,5,26,15.258917740825048
277,0.15,5,26,12.505248059691464
278,0.15,5,26,11.396882840735444
279,0.15,5,26,8.11615602195698
280,0.15,5,26,12.789511439083078
281,0.15,5,26,11.362312776756168
282,0.15,5,26,16.234289187693502
283,0.15,5,26,4.969345440023365
284,0.15,5,26,5.818044710592192
285,0.15,5,26,5.808601026157352
286,0.15,5,26,20.503072716644557
287,0.15,5,26,39.874913027035056
288,0.15,5,26,14.891423778398213
289,0.15,5,26,17.693352355025237
290,0.15,5,26,15.72961452441049
291,0.15,5,26,6.9406972785833805
292,0.15,5,26,9.339474805999041
293,0.15,5,26,7.492818318975066
294,0.15,5,26,10.861565734191164
295,0.15,5,26,10.401935009516407
296,0.15,5,26,5.442299039824252
297,0.15,5,26,14.749628198247263
298,0.15,5,26,8.632084723112726
299,0.15,5,26,7.488557257993154
300,0.15,5,26,6.541082910215181
301,0.15,5,26,18.75373510712235
302,0.15,5,26,6.814816411429264
303,0.15,5,26,7.042917946349003
304,0.15,5,26,9.220978677129509
305,0.15,5,26,14.662861035892245
306,0.15,5,26,14.768989370956236
307,0.15,5,26,6.364474640193222
308,0.15,5,26,14.679467554634543
309,0.15,5,26,12.209406308802384
310,0.15,5,26,8.162490275299774
311,0.15,5,26,5.8800585872820745
312,0.15,5,26,6.859591451852487
313,0.15,5,26,13.241532269252305
314,0.15,5,26,6.755437529718404
315,0.15,5,26,12.545056963092815
316,0.15,5,26,4.1179065055534
317,0.15,5,26,8.944747697727603
318,0.15,5,26,6.917926148872061
319,0.15,5,26,12.653177798273076
320,0.15,5,26,12.368952589969274
321,0.15,5,26,6.627514048511032
322,0.15,5,26,5.15766677436819
323,0.15,5,26,6.1850213122072875
324,0.15,5,26,10.493035068030057
325,0.15,5,26,8.675507129238884
326,0.15,5,26,6.66932705821875
327,0.15,5,26,16.28906349161272
328,0.15,5,26,20.067658408868176
329,0.15,5,26,8.498837353943262
330,0.15,5,26,16.788602684210304
331,0.15,5,26,19.167979825117097
332,0.15,5,26,8.38337172292804
333,0.15,5,26,9.70424983801745
334,0.15,5,26,8.93664158106677
335,0.15,5,26,8.488006821805445
336,0.15,5,26,4.597997133985207
337,0.15,5,26,19.684473930445368
338,0.15,5,26,8.117640926203403
339,0.15,5,26,20.228227449371058
340,0.15,5,26,4.533324763065731
341,0.15,5,26,6.729596385048797
342,0.15,5,26,8.132821006682951
343,0.15,5,26,6.425632448345527
344,0.15,5,26,12.318597866720822
345,0.15,5,26,7.887575331994113
346,0.15,5,26,10.344288476662431
347,0.15,5,26,13.048660235265272
348,0.15,5,26,12.555329517308627
349,0.15,5,26,7.753820598838175
350,0.15,5,26,12.179218642453826
351,0.15,5,26,18.97530765005401
352,0.15,5,26,16.975597695800225
353,0.15,5,26,7.810573194927
354,0.15,5,26,8.068487607931747
355,0.15,5,26,7.2866443533045
356,0.15,5,26,14.089958732062223
357,0.15,5,26,8.440576756066314
358,0.15,5,26,6.97113958474291
359,0.15,5,26,11.075302416290466
360,0.15,5,26,12.069232885324524
361,0.15,5,26,10.524305725905784
362,0.15,5,26,6.251526658316015
363,0.15,5,26,7.245976004700564
364,0.15,5,26,20.516098838820263
365,0.15,5,26,5.0556167728444175
366,0.15,5,26,6.815458086118157
367,0.15,5,26,8.91808531275669
368,0.15,5,26,16.884378443730093
369,0.15,5,26,15.542169284720314
370,0.15,5,26,16.201111033055966
371,0.15,5,26,3.3720067588997917
372,0.15,5,26,15.054730961796274
373,0.15,5,26,7.816979852508654
374,0.15,5,26,5.505540826014545
375,0.15,5,26,5.809632774198579
376,0.15,5,26,10.255024759804323
377,0.15,5,26,4.940858727551368
378,0.15,5,26,6.286832544232724
379,0.15,5,26,7.041939906854559
380,0.15,5,26,6.163454163751768
381,0.15,5,26,19.963275084781394
382,0.15,5,26,5.349084598335516
383,0.15,5,26,6.133873498912852
384,0.15,5,26,7.760675882173876
385,0.15,5,26,24.8464591741034
386,0.15,5,26,7.549990937188232
387,0.15,5,26,5.633631033603798
388,0.15,5,26,5.019270646312107
389,0.15,5,26,6.72203372574616
390,0.15,5,26,2.270701440744604
391,0.15,5,26,11.40504181234341
392,0.15,5,26,21.836108695284484
393,0.15,5,26,12.708248666950603
394,0.15,5,26,11.298045823585314
395,0.15,5,26,18.91326122568165
396,0.15,5,26,21.748739020818785
397,0.15,5,26,20.25679953084193
398,0.15,5,26,16.503735533624578
399,0.15,5,26,7.563428022726191
400,0.15,5,26,6.450063899090936
401,0.15,5,26,8.780285253460521
402,0.15,5,26,8.80811186862503
403,0.15,5,26,6.181081263747218
404,0.15,5,26,7.213872273526443
405,0.15,5,26,18.878716033546173
406,0.15,5,26,6.54072395934951
407,0.15,5,26,10.314514509232986
408,0.15,5,26,11.068854964370818
409,0.15,5,26,5.945594779917787
410,0.15,5,26,8.400461122478927
411,0.15,5,26,10.25328051288082
412,0.15,5,26,15.311956981270194
413,0.15,5,26,11.47418078141447
414,0.15,5,26,7.725537736024486
415,0.15,5,26,5.315763951318356
416,0.15,5,26,18.130365167649334
417,0.15,5,26,5.388575466664462
418,0.15,5,26,15.166309468821542
419,0.15,5,24,5.058179758021175
420,0.15,5,26,8.339010904511234
421,0.15,5,26,5.559554279992577
422,0.15,5,26,9.689921478787578
423,0.15,5,26,9.911462543345744
424,0.15,5,26,4.468978468784917
425,0.15,5,26,6.266935346114066
426,0.15,5,26,6.79318961944105
427,0.15,5,26,6.426860642135132
428,0.15,5,26,8.016348588434385
429,0.15,5,26,11.592327279605234
430,0.15,5,26,16.306738245571317
431,0.15,5,26,11.227095792874831
432,0.15,5,26,6.084457473017831
433,0.15,5,26,9.433740342358043
434,0.15,5,26,12.149763739486405
435,0.15,5,26,9.795908345455299
436,0.15,5,25,5.663487285847926
437,0.15,5,26,13.228482944062007
438,0.15,5,26,12.084379868593404
439,0.15,5,26,16.428583668200325
440,0.15,5,26,12.109228271687718
441,0.15,5,26,9.44903690204929
442,0.15,5,26,6.428494117230943
443,0.15,5,26,12.200746158657532
444,0.15,5,26,9.498978504267603
445,0.15,5,26,7.158748728340539
446,0.15,5,26,9.596383053179691
447,0.15,5,26,7.796677819427771
448,0.15,5,26,7.383800928061108
449,0.15,5,26,9.35346356801268
450,0.15,5,26,20.625079318562964
451,0.15,5,26,5.473602800306229
452,0.15,5,26,17.658007100756837
453,0.15,5,26,15.139357759258921
454,0.15,5,26,4.5647974938999285
455,0.15,5,26,14.873898826410633
456,0.15,5,26,15.201633625441529
457,0.15,5,26,16.25588354802298
458,0.15,5,26,8.177727312393195
459,0.15,5,26,7.195983987484556
460,0.15,5,26,13.004547993732743
461,0.15,5,26,3.2182926098373885
462,0.15,5,26,20.992479677585845
463,0.15,5,26,5.127737790691602
464,0.15,5,26,21.710482513892796
465,0.15,5,26,5.005917439367012
466,0.15,5,26,9.518475690675574
467,0.15,5,26,20.39161929111002
468,0.15,5,26,6.268693491332427
469,0.15,5,26,9.121247678931883
470,0.15,5,26,12.944718800863269
471,0.15,5,26,7.565463542989288
472,0.15,5,26,6.28312673200855
473,0.15,5,26,5.561545555134155
474,0.15,5,26,6.273714436512909
475,0.15,5,26,7.598934757431907
476,0.15,5,26,7.058426690244159
477,0.15,5,26,6.873371078013547
478,0.15,5,26,5.488239369093747
479,0.15,5,26,22.365878377667194
480,0.15,5,26,20.83569208913378
481,0.15,5,26,16.886105309322236
482,0.15,5,26,6.057108423626383
483,0.15,5,26,5.820208847563661
484,0.15,5,26,8.629260307455406
485,0.15,5,26,4.939868901350408
486,0.15,5,26,11.20967014861003
487,0.15,5,25,6.2331426288968474
488,0.15,5,26,23.74803009000076
489,0.15,5,26,7.647637263404524
490,0.15,5,26,5.095275643483496
491,0.15,5,26,7.915528252627737
492,0.15,5,26,11.95759688200668
493,0.15,5,26,16.95228807953629
494,0.15,5,26,19.72251694405944
495,0.15,5,26,11.284292690053427
496,0.15,5,26,6.977514744515747
497,0.15,5,26,5.845624665447168
498,0.15,5,26,8.892804121849341
499,0.15,5,26,7.531715883723496
500,0.15,5,26,8.556716043738243
501,0.15,5,26,7.725054300249813
502,0.15,5,26,9.570561200049926
503,0.15,5,26,28.862827988448895
504,0.15,5,26,6.741213697788567
505,0.15,5,26,5.1710139599195655
506,0.15,5,26,11.378771734786046
507,0.15,5,26,10.751504539648412
508,0.15,5,26,6.96152446655918
509,0.15,5,26,5.717382439759664
510,0.15,5,26,13.650863829048951
511,0.15,5,26,8.728245407148094
512,0.15,5,26,7.427216206286391
513,0.15,5,26,15.083461413539421
514,0.15,5,26,11.25611388677025
515,0.15,5,26,7.212408856182781
516,0.15,5,26,5.2280402954107155
517,0.15,5,26,7.188273745853898
518,0.15,5,26,9.591861371090546
519,0.15,5,26,17.40939339899287
520,0.15,5,26,6.780863414655439
521,0.15,5,26,5.58052520219183
522,0.15,5,26,9.024445499553186
523,0.15,5,26,7.901229070930224
524,0.15,5,26,16.07367417526715
525,0.15,5,26,17.520181453221088
526,0.15,5,26,11.009189986066854
527,0.15,5,26,20.427365165472562
528,0.15,5,26,9.103551799253772
529,0.15,5,26,16.461216956914733
530,0.15,5,26,13.080986965641356
531,0.15,5,26,6.483668293968622
532,0.15,5,26,11.084133175377348
533,0.15,5,26,6.716563834317998
534,0.15,5,26,9.945413471756982
535,0.15,5,26,8.139931768026718
536,0.15,5,26,10.440052799424663
537,0.15,5,26,12.030516889945847
538,0.15,5,26,4.551525307804999
539,0.15,5,26,15.476399172721312
540,0.15,5,26,12.893168126714237
541,0.15,5,26,10.278899019045184
542,0.15,5,26,6.587425792733503
543,0.15,5,26,13.113126939358315
544,0.15,5,26,9.371550551360805
545,0.15,5,26,7.347134664079701
546,0.15,5,26,5.822624029603003
547,0.15,5,26,6.756598003433325
548,0.15,5,26,12.352342108350728
549,0.15,5,26,10.817067198633989
550,0.15,5,26,9.427268764903353
551,0.15,5,26,6.063763211552668
552,0.15,5,26,4.844123630808085
553,0.15,5,26,6.73600797970448
554,0.15,5,26,7.242235991858718
555,0.15,5,26,6.688333439157549
556,0.15,5,26,18.740530510608423
557,0.15,5,26,6.703064934317163
558,0.15,5,26,7.227158689457975
559,0.15,5,25,5.018092806879156
560,0.15,5,26,5.1299139088544745
561,0.15,5,26,9.952569070746142
562,0.15,5,26,16.25292657078964
563,0.15,5,26,7.864969025657525
564,0.15,5,26,16.25137194413471
565,0.15,5,26,8.67820744107585
566,0.15,5,26,5.249016876955269
567,0.15,5,26,21.301290709837506
568,0.15,5,26,18.12496881222358
569,0.15,5,26,6.962060524652704
570,0.15,5,26,7.226646955446707
571,0.15,5,26,5.72342905324386
572,0.15,5,26,6.112412023813598
573,0.15,5,26,13.633603858491046
574,0.15,5,26,7.001893842118087
575,0.15,5,26,6.980084122811107
576,0.15,5,26,16.427809887552794
577,0.15,5,26,4.303926456486749
578,0.15,5,26,6.931346010585659
579,0.15,5,26,17.62389610394411
580,0.15,5,26,9.189532350797183
581,0.15,5,26,20.00184018627723
582,0.15,5,26,9.545703996882644
583,0.15,5,26,12.683690223635097
584,0.15,5,26,17.429817734692396
585,0.15,5,26,4.383598137250937
586,0.15,5,26,8.137008493565885
587,0.15,5,26,7.78926280403941
588,0.15,5,26,10.495812878597203
589,0.15,5,26,13.035370425857371
590,0.15,5,26,8.113888620313075
591,0.15,5,26,21.957074623135888
592,0.15,5,26,13.66640205120076
593,0.15,5,26,12.06854113842341
594,0.15,5,26,8.986052969910661
595,0.15,5,26,5.428769804655885
596,0.15,5,26,14.363663754779438
597,0.15,5,26,27.49424864071983
598,0.15,5,26,8.035041826638782
599,0.15,5,26,14.320410811244555
600,0.15,5,26,6.434096158595329
601,0.15,5,26,10.762311977976168
602,0.15,5,26,9.635628247464448
603,0.15,5,26,7.782177564152075
604,0.15,5,26,5.624717027373625
605,0.15,5,26,9.177441459462601
606,0.15,5,26,20.901632001630826
607,0.15,5,26,8.671746391394942
608,0.15,5,26,6.210353605464844
609,0.15,5,26,6.607483769885712
610,0.15,5,26,11.986749309174645
611,0.15,5,26,12.524885931165894
612,0.15,5,26,9.173107746665053
613,0.15,5,26,7.264163311739311
614,0.15,5,26,5.7424854529489275
615,0.15,5,26,16.96670577964854
616,0.15,5,26,10.393987742571495
617,0.15,5,26,8.037197792916055
618,0.15,5,26,9.927020544684812
619,0.15,5,26,15.182518309941118
620,0.15,5,26,11.745162982598822
621,0.15,5,26,11.17657736342229
622,0.15,5,26,9.934712947818522
623,0.15,5,26,12.315239587934757
624,0.15,5,26,14.769913479538943
625,0.15,5,26,9.90196760792668
626,0.15,5,26,8.824391373600768
627,0.15,5,26,5.406889429097939
628,0.15,5,26,5.137015009363857
629,0.15,5,26,10.485088842475992
630,0.15,5,26,6.1569934730184475
631,0.15,5,26,11.063000646271673
632,0.15,5,26,14.403170021396269
633,0.15,5,26,5.761008438779101
634,0.15,5,26,5.711637789570708
635,0.15,5,26,6.013710269098686
636,0.15,5,26,16.179044033471815
637,0.15,5,25,4.21265491981289
638,0.15,5,26,6.3507229304813855
639,0.15,5,26,6.229921102032489
640,0.15,5,26,4.758487773862001
641,0.15,5,26,10.686233190592192
642,0.15,5,26,8.840338542425073
643,0.15,5,26,4.391490223099197
644,0.15,5,26,5.756885278271811
645,0.15,5,26,14.749140163593266
646,0.15,5,26,5.572192063877762
647,0.15,5,26,6.684336348719615
648,0.15,5,26,5.039760078054723
649,0.15,5,26,8.857680452768262
650,0.15,5,26,15.843851327877072
651,0.15,5,26,11.622438535980539
652,0.15,5,26,8.17558836811841
653,0.15,5,26,8.134386938410312
654,0.15,5,26,19.210824084708268
655,0.15,5,26,6.902680414728666
656,0.15,5,26,15.722880173752703
657,0.15,5,26,18.815262735408655
658,0.15,5,26,15.02615417415271
659,0.15,5,26,8.217195954945202
660,0.15,5,26,12.126543736552224
661,0.15,5,26,8.47453635600373
662,0.15,5,26,7.161445481615599
663,0.15,5,26,10.844828186461399
664,0.15,5,26,6.492639428124416
665,0.15,5,26,8.385322516728294
666,0.15,5,26,6.907376040883883
667,0.15,5,26,7.471272355030408
668,0.15,5,26,9.166860455715014
669,0.15,5,26,15.880658714758123
670,0.15,5,26,12.500806347359427
671,0.15,5,26,7.24907487581844
672,0.15,5,26,19.216130147161643
673,0.15,5,26,3.4737228768577375
674,0.15,5,26,5.299129411265056
675,0.15,5,26,18.937215632852773
676,0.15,5,26,5.615464410099501
677,0.15,5,26,10.166369678951
678,0.15,5,26,6.902007274763509
679,0.15,5,26,12.333389318832568
680,0.15,5,26,6.529428617084545
681,0.15,5,26,5.623778417290914
682,0.15,5,26,14.79474366947928
683,0.15,5,26,17.390342920879547
684,0.15,5,26,18.512276986364007
685,0.15,5,26,5.031744162353554
686,0.15,5,26,5.779658360089779
687,0.15,5,26,16.150523128953804
688,0.15,5,26,7.309052767232874
689,0.15,5,26,12.081572837264005
690,0.15,5,26,8.556096037442924
691,0.15,5,26,9.89414966577092
692,0.15,5,26,16.38236045882555
693,0.15,5,26,9.831983836535665
694,0.15,5,26,10.215195598914944
695,0.15,5,26,8.955136127770151
696,0.15,5,26,6.431610737960301
697,0.15,5,26,19.509333322550717
698,0.15,5,26,18.1423462331902
699,0.15,5,26,6.437427925076534
700,0.15,5,26,18.249893867231314
701,0.15,5,26,7.680061311386595
702,0.15,5,26,10.100175318566958
703,0.15,5,26,5.450428771611842
704,0.15,5,26,9.093504969788285
705,0.15,5,26,7.434949056583037
706,0.15,5,26,11.325007210270691
707,0.15,5,26,4.648930946808627
708,0.15,5,26,7.909929327200236
709,0.15,5,26,19.53670579367857
710,0.15,5,26,6.983901764770856
711,0.15,5,26,8.378643907752966
712,0.15,5,26,20.36607832591652
713,0.15,5,26,16.726169491519826
714,0.15,5,26,7.6096986803106805
715,0.15,5,26,6.414385154561329
716,0.15,5,26,12.815705597358539
717,0.15,5,26,5.919051972393507
718,0.15,5,26,8.678843623591474
719,0.15,5,24,2.552528835949158
720,0.15,5,26,18.935114608717686
721,0.15,5,26,12.652612505723093
722,0.15,5,26,22.362501314497234
723,0.15,5,26,5.9968266286404095
724,0.15,5,26,20.993905979527565
725,0.15,5,26,8.993472095323666
726,0.15,5,26,17.080879528364207
727,0.15,5,26,17.699229095105654
728,0.15,5,26,9.366696793093265
729,0.15,5,26,9.33172285433344
730,0.15,5,26,17.33410740191792
731,0.15,5,26,9.855932205304269
732,0.15,5,26,9.36524854733788
733,0.15,5,26,7.148813951976811
734,0.15,5,26,17.2698999642901
735,0.15,5,26,6.963424153489773
736,0.15,5,26,9.718061714151263
737,0.15,5,26,8.357502881527392
738,0.15,5,26,16.111219239287095
739,0.15,5,26,7.336955157313075
740,0.15,5,26,12.133004586775114
741,0.15,5,26,6.978915610777883
742,0.15,5,26,12.987234457611015
743,0.15,5,26,5.896576330768616
744,0.15,5,26,24.87583837608371
745,0.15,5,26,6.864114730795031
746,0.15,5,26,7.20684433613801
747,0.15,5,26,15.614741959732887
748,0.15,5,26,18.72222854230045
749,0.15,5,26,9.45470478544885
750,0.15,5,26,7.887491778316811
751,0.15,5,26,8.1873938292935
752,0.15,5,26,9.241333268186061
753,0.15,5,26,13.538002372367641
754,0.15,5,26,5.884457233310769
755,0.15,5,26,7.177373550443832
756,0.15,5,26,4.873569374522352
757,0.15,5,26,7.591877153169975
758,0.15,5,26,5.779867774091325
759,0.15,5,26,11.140354730650346
760,0.15,5,26,5.359294445841135
761,0.15,5,26,5.943810010568861
762,0.15,5,26,9.46375877897828
763,0.15,5,26,10.909921171237416
764,0.15,5,26,5.892833213017738
765,0.15,5,26,8.357790889762367
766,0.15,5,26,8.85956925900116
767,0.15,5,26,11.322394013465312
768,0.15,5,26,21.599873834886388
769,0.15,5,26,6.959453812688887
770,0.15,5,26,15.408423331162584
771,0.15,5,26,6.935548230590115
772,0.15,5,26,12.257606712008716
773,0.15,5,26,13.60663530125157
774,0.15,5,26,16.906931319501226
775,0.15,5,26,15.950053944711582
776,0.15,5,26,9.081535701544123
777,0.15,5,26,5.386119053664934
778,0.15,5,26,8.077683372040605
779,0.15,5,26,5.814529713511521
780,0.15,5,26,11.506325140050937
781,0.15,5,26,4.684552418252787
782,0.15,5,26,25.65716911168338
783,0.15,5,26,8.19839232635825
784,0.15,5,26,19.588411455073356
785,0.15,5,26,7.30355961761037
786,0.15,5,26,8.171844122779396
787,0.15,5,26,7.778719944816941
788,0.15,5,26,7.144716579640837
789,0.15,5,26,14.759743805272414
790,0.15,5,26,5.385111963510572
791,0.15,5,26,7.138035416637271
792,0.15,5,26,6.328141467589407
793,0.15,5,26,4.5637179294525785
794,0.15,5,26,6.575473782690624
795,0.15,5,26,6.967200741642309
796,0.15,5,26,18.59891092798796
797,0.15,5,26,8.3553548266027
798,0.15,5,25,5.618674008197869
799,0.15,5,26,8.42051181914487
800,0.15,5,26,9.801662814602729
801,0.15,5,26,10.000507905677715
802,0.15,5,26,8.26512096962446
803,0.15,5,26,11.202616774182427
804,0.15,5,26,4.964651831897615
805,0.15,5,26,6.970812693542297
806,0.15,5,26,5.176734664810431
807,0.15,5,26,8.967708733883201
808,0.15,5,26,5.766667054962551
809,0.15,5,26,9.358795829772111
810,0.15,5,26,9.02183526964618
811,0.15,5,26,7.511684779248063
812,0.15,5,26,9.004390646341914
813,0.15,5,26,6.756724672885449
814,0.15,5,26,6.000711027240276
815,0.15,5,26,22.44453918714308
816,0.15,5,26,21.590218781830863
817,0.15,5,26,4.802770335649996
818,0.15,5,26,8.400483910484008
819,0.15,5,26,8.122422047856999
820,0.15,5,26,5.643274350272543
821,0.15,5,26,21.079942135975877
822,0.15,5,26,6.448938326579504
823,0.15,5,26,8.002482003304126
824,0.15,5,26,12.23049841631389
825,0.15,5,26,7.181785776021355
826,0.15,5,26,5.64330496631041
827,0.15,5,26,10.910347588573348
828,0.15,5,26,10.40850895067979
829,0.15,5,26,8.491484913753396
830,0.15,5,26,7.840267936840103
831,0.15,5,26,10.498385810543091
832,0.15,5,26,6.994054523582478
833,0.15,5,26,17.94696664934028
834,0.15,5,26,6.7993846335174775
835,0.15,5,25,4.712393366559993
836,0.15,5,26,16.77668374733333
837,0.15,5,26,18.479414275266663
838,0.15,5,26,4.003972073389923
839,0.15,5,26,15.993485182512973
840,0.15,5,26,8.186113863404938
841,0.15,5,26,10.147812445941371
842,0.15,5,26,9.230706484019722
843,0.15,5,26,6.981339703921446
844,0.15,5,26,10.547633798556133
845,0.15,5,26,9.92034291816419
846,0.15,5,26,6.942482884622343
847,0.15,5,26,14.54089716050652
848,0.15,5,26,5.3806942289703255
849,0.15,5,26,18.150450958215398
850,0.15,5,26,19.7381732278209
851,0.15,5,26,19.59652369948625
852,0.15,5,26,6.186690654488897
853,0.15,5,26,10.599802836637043
854,0.15,5,26,23.671007330240307
855,0.15,5,26,13.592761504861805
856,0.15,5,26,9.726955546865966
857,0.15,5,26,4.631458818730664
858,0.15,5,26,11.269344223401168
859,0.15,5,26,9.241440098946729
860,0.15,5,26,7.5748290233208415
861,0.15,5,26,20.68362372909791
862,0.15,5,26,14.037387643812494
863,0.15,5,26,8.209421781911386
864,0.15,5,26,13.142271357949607
865,0.15,5,26,6.265471044161274
866,0.15,5,26,8.89772778323109
867,0.15,5,26,8.846337547135152
868,0.15,5,26,9.112722492991349
869,0.15,5,26,7.965947200708346
870,0.15,5,26,5.801383483709947
871,0.15,5,26,17.023930871687103
872,0.15,5,26,12.21848170935734
873,0.15,5,26,18.66996341242868
874,0.15,5,26,14.641813569583334
875,0.15,5,26,4.714179067076468
876,0.15,5,26,7.304917895238116
877,0.15,5,26,9.081028358765156
878,0.15,5,26,9.110344573027197
879,0.15,5,26,5.7348570807653765
880,0.15,5,26,8.822042344755781
881,0.15,5,26,9.061687156080772
882,0.15,5,26,7.605977017970026
883,0.15,5,26,8.225004520699857
884,0.15,5,26,16.73065082087384
885,0.15,5,26,14.503689898342463
886,0.15,5,26,12.920534523613691
887,0.15,5,26,19.86924515581528
888,0.15,5,26,3.946359467068606
889,0.15,5,26,6.246793288822888
890,0.15,5,26,9.159936291400022
891,0.15,5,26,7.580948099340422
892,0.15,5,26,10.531630288380741
893,0.15,5,26,17.699416720352126
894,0.15,5,26,7.164262394287397
895,0.15,5,26,5.335522529003645
896,0.15,5,26,11.75865689818599
897,0.15,5,26,8.779318926095153
898,0.15,5,26,7.854810565972939
899,0.15,5,26,4.871732055334612
900,0.15,5,26,10.692893684639499
901,0.15,5,26,10.489713043168829
902,0.15,5,26,8.618713328929946
903,0.15,5,26,6.571437694922876
904,0.15,5,26,9.692207082244297
905,0.15,5,26,6.938147837745597
906,0.15,5,26,6.050861306381154
907,0.15,5,26,21.976627100389766
908,0.15,5,26,11.848486436259062
909,0.15,5,26,13.678159927796864
910,0.15,5,26,7.947159624135929
911,0.15,5,26,8.038725977699514
912,0.15,5,26,7.646386805861325
913,0.15,5,26,12.241734191154336
914,0.15,5,26,9.710870534683608
915,0.15,5,26,8.514103801523733
916,0.15,5,26,15.772602004858465
917,0.15,5,26,6.671732272717225
918,0.15,5,26,6.140017891225692
919,0.15,5,26,8.12350943944297
920,0.15,5,26,11.174681636539068
921,0.15,5,26,18.47418290615874
922,0.15,5,26,10.620650324143922
923,0.15,5,26,30.298343046951516
924,0.15,5,26,9.420295061589016
925,0.15,5,26,8.71952434768446
926,0.15,5,26,6.844959390435633
927,0.15,5,26,8.92492726049874
928,0.15,5,26,11.5424403758221
929,0.15,5,26,6.365019579419502
930,0.15,5,26,10.853894526973766
931,0.15,5,26,8.409962267830677
932,0.15,5,26,10.279289268946807
933,0.15,5,26,14.101472997775502
934,0.15,5,26,6.481807205481104
935,0.15,5,26,7.256575490144714
936,0.15,5,26,9.484992938003732
937,0.15,5,26,11.818313236555195
938,0.15,5,26,15.03360032808978
939,0.15,5,26,7.5629783156772366
940,0.15,5,26,5.707085372971971
941,0.15,5,26,6.198801863022894
942,0.15,5,26,4.666390812650368
943,0.15,5,26,20.816472353734046
944,0.15,5,26,27.002886791874595
945,0.15,5,26,10.151538983834392
946,0.15,5,26,5.396324478953745
947,0.15,5,26,9.312852314605154
948,0.15,5,26,4.78892128128288
949,0.15,5,26,20.778356878939
950,0.15,5,26,16.895781237855115
951,0.15,5,26,5.0618117780632925
952,0.15,5,26,9.322778837194397
953,0.15,5,26,10.978965582640978
954,0.15,5,26,7.237641373111712
955,0.15,5,26,9.746077003238767
956,0.15,5,26,6.016335463468154
957,0.15,5,26,10.633180977639224
958,0.15,5,26,9.608122650476055
959,0.15,5,26,12.930325272089636
960,0.15,5,26,5.389901572823171
961,0.15,5,26,15.322978634408384
962,0.15,5,26,4.943925188056027
963,0.15,5,26,6.321414941251521
964,0.15,5,26,21.496862600309267
965,0.15,5,26,10.008488463898987
966,0.15,5,26,4.729756596197938
967,0.15,5,26,18.28859909478995
968,0.15,5,26,13.175728897141406
969,0.15,5,26,18.971539636989306
970,0.15,5,26,13.211483593036142
971,0.15,5,26,13.908639137254436
972,0.15,5,26,10.050086669549582
973,0.15,5,26,4.6933999450696176
974,0.15,5,26,6.962213324983319
975,0.15,5,26,6.0505486124072885
976,0.15,5,26,4.801115151772115
977,0.15,5,26,10.176159424884041
978,0.15,5,26,6.377551378949835
979,0.15,5,26,13.449061199342644
980,0.15,5,26,13.14688926592719
981,0.15,5,26,20.67449411421927
982,0.15,5,26,5.968713389181144
983,0.15,5,26,15.518056927634763
984,0.15,5,26,7.769496946239462
985,0.15,5,26,14.349669537057581
986,0.15,5,26,5.3934221673818135
987,0.15,5,26,6.119496777958817
988,0.15,5,26,9.884766305968867
989,0.15,5,26,8.805236958030644
990,0.15,5,26,11.854463841130242
991,0.15,5,26,17.871970369912724
992,0.15,5,26,5.4617403045172335
993,0.15,5,26,13.327489852997143
994,0.15,5,26,8.331285763270925
995,0.15,5,26,9.635172551160371
996,0.15,5,26,10.108150925023786
997,0.15,5,26,12.676783331578807
998,0.15,5,26,7.434058103938945
999,0.15,5,26,10.330183258818828
1000,0.15,5,26,4.392818956043293
1001,0.15,5,26,8.3468975314342
1002,0.15,5,26,24.461074365706594
1003,0.15,5,26,5.288592623405678
1004,0.15,5,26,12.805375999653645
1005,0.15,5,26,7.247178226633071
1006,0.15,5,26,14.81782096674144
1007,0.15,5,26,21.678622462716064
1008,0.15,5,26,6.3723005322581665
1009,0.15,5,26,7.708451297619461
1010,0.15,5,25,6.004342261494128
1011,0.15,5,26,21.125421918669804
1012,0.15,5,26,9.96375841619692
1013,0.15,5,25,4.264604234803853
1014,0.15,5,26,9.0238811635959
1015,0.15,5,26,20.015538986188496
1016,0.15,5,26,19.06603422780304
1017,0.15,5,26,5.312476286066753
1018,0.15,5,26,5.791803041823054
1019,0.15,5,26,5.921026794405026
1020,0.15,5,26,5.264973251902351
1021,0.15,5,26,8.859052062032672
1022,0.15,5,26,4.869190759236071
1023,0.15,5,26,10.452229885567782
1024,0.15,5,26,19.899733406112727
1025,0.15,5,26,7.7012960117900935
1026,0.15,5,26,5.837882359410705
1027,0.15,5,26,13.490439960205226
1028,0.15,5,26,18.565325736204617
1029,0.15,5,26,4.059153192091411
1030,0.15,5,26,12.67872278700435
1031,0.15,5,26,7.007287282007637
1032,0.15,5,26,5.989683547323387
1033,0.15,5,26,5.738052842995236
1034,0.15,5,26,4.863918995687319
1035,0.15,5,26,11.843661167901917
1036,0.15,5,26,11.930995864649166
1037,0.15,5,26,8.195189098221716
1038,0.15,5,26,16.53990182107942
1039,0.15,5,26,10.018979019566286
1040,0.15,5,26,12.650013391274008
1041,0.15,5,26,20.8325712274963
1042,0.15,5,26,12.773818014473322
1043,0.15,5,26,10.647578408801246
1044,0.15,5,26,11.415326516777442
1045,0.15,5,26,6.667452243847836
1046,0.15,5,26,7.042971828632503
1047,0.15,5,26,6.73510948366885
1048,0.15,5,26,10.259560580700903
1049,0.15,5,26,7.731060401938141
1050,0.15,5,26,7.764816699318952
1051,0.15,5,26,18.283549677776495
1052,0.15,5,26,10.73771410989211
1053,0.15,5,26,8.275016657450479
1054,0.15,5,26,4.733426816521093
1055,0.15,5,26,9.329628403455306
1056,0.15,5,26,22.917285502169168
1057,0.15,5,26,5.2943810229391435
1058,0.15,5,26,11.89867291011113
1059,0.15,5,26,5.708112351429889
1060,0.15,5,26,7.832927391541656
1061,0.15,5,26,16.493899308043158
1062,0.15,5,26,8.342268093189562
1063,0.15,5,26,6.148791760003419
1064,0.15,5,26,9.276698009647069
1065,0.15,5,26,12.348098267683465
1066,0.15,5,26,7.339492220045725
1067,0.15,5,26,9.377522449904998
1068,0.15,5,26,14.830280237899123
1069,0.15,5,26,20.306963480056865
1070,0.15,5,26,5.893891404083681
1071,0.15,5,26,4.076926308543242
1072,0.15,5,26,20.591613363924374
1073,0.15,5,26,7.746432834071346
1074,0.15,5,26,16.623350269223163
1075,0.15,5,26,6.0940667396377926
1076,0.15,5,26,9.626535607233993
1077,0.15,5,26,8.26622838126076
1078,0.15,5,26,8.361035113082156
1079,0.15,5,26,13.388930569547519
1080,0.15,5,26,12.608098641668612
1081,0.15,5,26,9.443502672278166
1082,0.15,5,26,6.293778194010591
1083,0.15,5,26,7.408258443723932
1084,0.15,5,26,9.705525203354414
1085,0.15,5,26,6.56282317623269
1086,0.15,5,26,21.340437895075954
1087,0.15,5,26,8.71152286536115
1088,0.15,5,26,7.183386502013822
1089,0.15,5,26,10.345788062001374
1090,0.15,5,26,8.13797872062261
1091,0.15,5,26,7.620705750607616
1092,0.15,5,26,10.73296552423962
1093,0.15,5,26,22.50627049763352
1094,0.15,5,26,6.753444415462298
1095,0.15,5,26,8.207751461958082
1096,0.15,5,26,10.886700519457689
1097,0.15,5,26,10.995936502173477
1098,0.15,5,26,6.698562853892306
1099,0.15,5,26,5.799059809196724
1100,0.15,5,26,18.25869141255736
1101,0.15,5,26,19.545795252393514
1102,0.15,5,26,5.093007980485566
1103,0.15,5,25,5.368954614072465
1104,0.15,5,26,5.1469022194019844
1105,0.15,5,26,17.611507593709412
1106,0.15,5,26,27.273240739530387
1107,0.15,5,26,10.323497878538216
1108,0.15,5,26,18.22674991415716
1109,0.15,5,26,19.357625163151692
1110,0.15,5,26,7.856725984297354
1111,0.15,5,26,22.512362537172656
1112,0.15,5,26,5.4187299067685775
1113,0.15,5,26,18.92775864413065
1114,0.15,5,26,10.65710471020298
1115,0.15,5,26,6.174520942590724
1116,0.15,5,26,11.091380431175288
1117,0.15,5,26,10.412646858476256
1118,0.15,5,26,5.790065738656396
1119,0.15,5,26,19.437382361696
1120,0.15,5,26,5.9511390388307035
1121,0.15,5,26,17.377950077169665
1122,0.15,5,26,7.987344768361434
1123,0.15,5,26,11.214231364430074
1124,0.15,5,26,6.190670088339213
1125,0.15,5,26,7.990153344838533
1126,0.15,5,26,8.529085912464945
1127,0.15,5,26,43.264286594850674
1128,0.15,5,26,8.608513770620055
1129,0.15,5,26,4.501809369924979
1130,0.15,5,26,10.144134515835232
1131,0.15,5,26,5.47608042508132
1132,0.15,5,26,8.610525905000477
1133,0.15,5,26,20.74919629405432
1134,0.15,5,26,7.43130143566384
1135,0.15,5,26,21.37190163137121
1136,0.15,5,26,7.681909051192321
1137,0.15,5,26,10.19588683178277
1138,0.15,5,26,8.787762553602262
1139,0.15,5,26,6.48091610831456
1140,0.15,5,26,9.419418813138723
1141,0.15,5,26,8.337270003545628
1142,0.15,5,26,18.67616889120998
1143,0.15,5,26,5.689813189709662
1144,0.15,5,26,13.736759944160692
1145,0.15,5,26,20.87582016204455
1146,0.15,5,26,6.389242444354693
1147,0.15,5,26,7.1672441476770485
1148,0.15,5,26,6.853943288793692
1149,0.15,5,26,10.987659985740047
1150,0.15,5,26,5.704351136748507
1151,0.15,5,26,8.55887160956401
1152,0.15,5,26,17.610944482541992
1153,0.15,5,26,7.872196847631886
1154,0.15,5,26,5.832721524091854
1155,0.15,5,26,9.301322143189504
1156,0.15,5,26,21.348903808238575
1157,0.15,5,26,21.527876651689642
1158,0.15,5,26,6.776506830799081
1159,0.15,5,26,7.2827152384895
1160,0.15,5,26,6.361624034977447
1161,0.15,5,26,8.905656762224762
1162,0.15,5,26,15.052528045884308
1163,0.15,5,26,19.922544581967237
1164,0.15,5,26,8.255124573849809
1165,0.15,5,26,9.062389573200964
1166,0.15,5,26,6.911739553026128
1167,0.15,5,26,11.489175774217085
1168,0.15,5,26,5.856862212092851
1169,0.15,5,26,10.750716341288792
1170,0.15,5,26,18.323490690762018
1171,0.15,5,26,4.602248394615516
1172,0.15,5,26,12.6225356560401
1173,0.15,5,26,5.594198461507033
1174,0.15,5,26,15.952464740827804
1175,0.15,5,26,3.4092483477960815
1176,0.15,5,26,6.110162987136915
1177,0.15,5,26,5.881353543843324
1178,0.15,5,26,11.609876175384137
1179,0.15,5,26,14.887831430209376
1180,0.15,5,26,8.238917182720957
1181,0.15,5,26,9.994646487232162
1182,0.15,5,26,9.975123062331788
1183,0.15,5,26,14.64405174811854
1184,0.15,5,26,8.553842736662045
1185,0.15,5,26,13.832172743061266
1186,0.15,5,26,5.197725820964168
1187,0.15,5,26,11.333528217830805
1188,0.15,5,26,8.892148139800655
1189,0.15,5,26,8.13119707690894
1190,0.15,5,26,6.265176692288735
1191,0.15,5,26,5.686006519451341
1192,0.15,5,26,7.180046722317073
1193,0.15,5,26,5.156601064619225
1194,0.15,5,26,7.978525446781609
1195,0.15,5,26,9.038403147019745
1196,0.15,5,26,5.408169818239152
1197,0.15,5,26,5.499333738153115
1198,0.15,5,26,6.533402502396541
1199,0.15,5,26,9.52493592745008
1200,0.15,5,26,5.832745948843459
1201,0.15,5,26,3.38457450478495
1202,0.15,5,26,6.607913421011928
1203,0.15,5,26,11.851193299773133
1204,0.15,5,26,9.072418731410545
1205,0.15,5,26,4.2158807314283
1206,0.15,5,26,6.230322050137986
1207,0.15,5,26,11.361814132725875
1208,0.15,5,26,11.627495102016658
1209,0.15,5,26,5.156697825900194
1210,0.15,5,26,9.71318609370151
1211,0.15,5,26,13.2921885914667
1212,0.15,5,26,5.079254225801401
1213,0.15,5,26,13.093129097599077
1214,0.15,5,26,6.749353926413259
1215,0.15,5,26,7.110337823531423
1216,0.15,5,26,9.280233700188932
1217,0.15,5,26,15.192667639326727
1218,0.15,5,26,7.024226390389603
1219,0.15,5,26,15.839034285548268
1220,0.15,5,26,8.513003191387401
1221,0.15,5,26,8.870322888251224
1222,0.15,5,26,9.538437869346042
1223,0.15,5,26,7.71526076151001
1224,0.15,5,26,23.408588484179642
1225,0.15,5,26,14.734394443234864
1226,0.15,5,26,7.223013426750526
1227,0.15,5,26,9.06831719170316
1228,0.15,5,26,6.495096168416811
1229,0.15,5,26,15.139075054222438
1230,0.15,5,26,6.948719392476875
1231,0.15,5,26,9.029530170672698
1232,0.15,5,26,16.940877537996602
1233,0.15,5,26,6.462574019164181
1234,0.15,5,26,6.86539257180119
1235,0.15,5,26,4.863210106566105
1236,0.15,5,25,5.200650659536307
1237,0.15,5,26,5.498247000900333
1238,0.15,5,26,11.322909143744727
1239,0.15,5,26,8.925646896591509
1240,0.15,5,26,8.520751257503926
1241,0.15,5,26,12.738312810405116
1242,0.15,5,26,8.625211103678328
1243,0.15,5,26,14.469838471175812
1244,0.15,5,26,19.78659970253718
1245,0.15,5,26,10.16920300215386
1246,0.15,5,26,16.999187145611668
1247,0.15,5,26,6.2311175899147795
1248,0.15,5,26,16.834604081542178
1249,0.15,5,26,8.976683337998033
1250,0.15,5,26,10.842231491154022
1251,0.15,5,26,9.252369456206848
1252,0.15,5,26,21.084741919810853
1253,0.15,5,26,21.2579028370023
1254,0.15,5,26,15.303336415266012
1255,0.15,5,26,17.64061160004116
1256,0.15,5,26,4.207889145190968
1257,0.15,5,26,6.474447977137154
1258,0.15,5,26,10.539086416894355
1259,0.15,5,26,7.240938638171621
1260,0.15,5,26,8.063092520412614
1261,0.15,5,26,10.863995260398616
1262,0.15,5,26,16.786225176152982
1263,0.15,5,26,7.036389414377616
1264,0.15,5,26,11.502127826787506
1265,0.15,5,26,9.045283737610703
1266,0.15,5,26,9.377041689675366
1267,0.15,5,26,9.32531004498705
1268,0.15,5,26,13.909832854261216
1269,0.15,5,26,6.976246949100345
1270,0.15,5,26,5.552087674006523
1271,0.15,5,26,18.153437003521077
1272,0.15,5,26,17.233303648794273
1273,0.15,5,26,15.797768404039752
1274,0.15,5,26,4.581136795380449
1275,0.15,5,26,3.9774018329908922
1276,0.15,5,26,5.873574919239151
1277,0.15,5,26,15.01808689832038
1278,0.15,5,26,19.648143865492347
1279,0.15,5,26,4.569782289085166
1280,0.15,5,26,4.7515665590605485
1281,0.15,5,26,8.462825213982113
1282,0.15,5,26,20.51342488166201
1283,0.15,5,26,8.123110240622927
1284,0.15,5,26,5.982475300901967
1285,0.15,5,26,11.753215935679183
1286,0.15,5,26,7.600765453716509
1287,0.15,5,26,7.790057766348557
1288,0.15,5,26,4.984752171515391
1289,0.15,5,26,7.948032538114271
1290,0.15,5,26,20.679966028638187
1291,0.15,5,26,8.280933503735143
1292,0.15,5,26,14.300889484476134
1293,0.15,5,26,6.261317171523308
1294,0.15,5,26,8.092762901047575
1295,0.15,5,26,5.845614582791083
1296,0.15,5,26,6.654756848482706
1297,0.15,5,26,7.864934580373886
1298,0.15,5,26,20.710852140876547
1299,0.15,5,26,6.019888449959393
1300,0.15,5,26,7.409289765223854
1301,0.15,5,26,5.76375431593825
1302,0.15,5,26,6.135304830740204
1303,0.15,5,26,11.886739779048051
1304,0.15,5,26,7.600104300368206
1305,0.15,5,26,3.87793039561453
1306,0.15,5,26,10.423708335514464
1307,0.15,5,26,19.17994109101752
1308,0.15,5,26,8.382459648009196
1309,0.15,5,26,12.721647754823309
1310,0.15,5,26,6.090794865245301
1311,0.15,5,26,15.238731465084834
1312,0.15,5,26,19.557960535340733
1313,0.15,5,26,6.3524028340913725
1314,0.15,5,26,16.481359253144895
1315,0.15,5,26,10.239706363567569
1316,0.15,5,26,7.129310282032444
1317,0.15,5,26,7.0206353126744485
1318,0.15,5,26,13.598627983215035
1319,0.15,5,26,9.856394561795918
1320,0.15,5,26,4.020999614253662
1321,0.15,5,26,10.802685448662814
1322,0.15,5,26,5.502607682644169
1323,0.15,5,26,4.31011842799682
1324,0.15,5,26,7.340682520420446
1325,0.15,5,26,15.28994025215206
1326,0.15,5,26,9.880347914617419
1327,0.15,5,26,14.375210005435601
1328,0.15,5,26,15.288101538520307
1329,0.15,5,26,10.81270450668644
1330,0.15,5,26,10.439000379687828
1331,0.15,5,26,7.229099101446327
1332,0.15,5,26,6.343045109481175
1333,0.15,5,26,5.677024900472255
1334,0.15,5,26,16.791210229951616
1335,0.15,5,26,5.758261089976406
1336,0.15,5,26,10.70651348654291
1337,0.15,5,26,7.861771518471154
1338,0.15,5,26,9.115724350488874
1339,0.15,5,26,10.844087638302508
1340,0.15,5,26,20.11043021164455
1341,0.15,5,26,15.310139245382606
1342,0.15,5,26,7.785158318168837
1343,0.15,5,26,13.608783223314664
1344,0.15,5,26,17.51499415391359
1345,0.15,5,26,12.862175753471247
1346,0.15,5,25,5.189627309729998
1347,0.15,5,26,8.020172245054214
1348,0.15,5,26,14.289007572263234
1349,0.15,5,26,9.982629350680995
1350,0.15,5,26,15.569520999830074
1351,0.15,5,26,6.228052671279234
1352,0.15,5,26,4.101924586270454
1353,0.15,5,26,9.469785468577557
1354,0.15,5,26,14.685684936258813
1355,0.15,5,26,15.968617996172032
1356,0.15,5,26,13.555816124292797
1357,0.15,5,26,7.355052951264936
1358,0.15,5,26,16.80487906174012
1359,0.15,5,26,17.22761466339446
1360,0.15,5,26,5.266662269185555
1361,0.15,5,26,8.260140711154897
1362,0.15,5,26,12.815864659521564
1363,0.15,5,26,12.49894801435841
1364,0.15,5,26,6.947691982417877
1365,0.15,5,26,11.365325904104706
1366,0.15,5,26,8.73798470205819
1367,0.15,5,26,18.463730022006473
1368,0.15,5,26,17.766005935751256
1369,0.15,5,26,9.490032618412862
1370,0.15,5,26,9.664030734534045
1371,0.15,5,26,6.010756924911807
1372,0.15,5,26,16.90238133828738
1373,0.15,5,26,9.416881864184926
1374,0.15,5,26,8.856123218402034
1375,0.15,5,26,12.9328110729463
1376,0.15,5,26,10.543140457217724
1377,0.15,5,26,36.048245906942725
1378,0.15,5,26,8.814842899249166
1379,0.15,5,26,11.435141750151836
1380,0.15,5,26,5.379921151667317
1381,0.15,5,26,23.745880046934374
1382,0.15,5,26,3.5476847772348217
1383,0.15,5,26,5.888961458020565
1384,0.15,5,26,17.893326949499897
1385,0.15,5,26,19.222650520874108
1386,0.15,5,26,4.528471787367055
1387,0.15,5,26,13.493774582785411
1388,0.15,5,26,7.66257199596705
1389,0.15,5,26,14.920457917865136
1390,0.15,5,26,8.344475538252784
1391,0.15,5,26,5.481453944944121
1392,0.15,5,26,20.776936427389693
1393,0.15,5,26,10.720504480483209
1394,0.15,5,26,4.061378314152785
1395,0.15,5,26,20.381062793028192
1396,0.15,5,26,3.766702237927093
1397,0.15,5,26,10.638262677791976
1398,0.15,5,26,5.035819943920112
1399,0.15,5,26,22.08191181075218
1400,0.15,5,26,7.959486824894725
1401,0.15,5,26,12.531587978713002
1402,0.15,5,26,21.621746606239384
1403,0.15,5,26,7.651265721217807
1404,0.15,5,26,6.834235256955679
1405,0.15,5,26,11.928170732358481
1406,0.15,5,26,6.263006324001769
1407,0.15,5,26,11.189020929721455
1408,0.15,5,25,4.226121621834606
1409,0.15,5,25,5.358499817226382
1410,0.15,5,26,25.07838623537823
1411,0.15,5,26,13.801694395434641
1412,0.15,5,26,6.1004111952044
1413,0.15,5,26,16.57842472705839
1414,0.15,5,26,24.32876608264956
1415,0.15,5,26,13.780884642374748
1416,0.15,5,26,18.377490297303616
1417,0.15,5,26,5.378320403769713
1418,0.15,5,26,9.253652479561858
1419,0.15,5,26,5.554797067172295
1420,0.15,5,26,6.596841952692418
1421,0.15,5,26,7.696254145264751
1422,0.15,5,26,9.404615792868448
1423,0.15,5,26,7.4879769694356115
1424,0.15,5,26,6.4285961184803755
1425,0.15,5,26,12.113193348299944
1426,0.15,5,26,22.95208120321615
1427,0.15,5,26,15.687043202513822
1428,0.15,5,26,12.038858659455041
1429,0.15,5,26,9.545198303348664
1430,0.15,5,26,19.09814686767621
1431,0.15,5,26,8.346826739807563
1432,0.15,5,26,11.506029367880092
1433,0.15,5,26,7.837596157488844
1434,0.15,5,26,6.67670560591568
1435,0.15,5,26,16.98817441283948
1436,0.15,5,26,4.217722773766063
1437,0.15,5,26,7.538637909130307
1438,0.15,5,26,17.02265472091459
1439,0.15,5,26,9.901789970824106
1440,0.15,5,26,6.042656059158384
1441,0.15,5,26,25.629331280667657
1442,0.15,5,26,5.604201647606622
1443,0.15,5,26,8.963553508303203
1444,0.15,5,26,5.856067792063961
1445,0.15,5,26,8.653561917834416
1446,0.15,5,26,5.41194459627061
1447,0.15,5,26,7.91770983924455
1448,0.15,5,26,5.5083914993050005
1449,0.15,5,26,8.915951666788404
1450,0.15,5,26,14.474509609455108
1451,0.15,5,26,7.3168060719253045
1452,0.15,5,26,6.577284338637893
1453,0.15,5,26,6.582747003492332
1454,0.15,5,26,19.601489344581168
1455,0.15,5,26,16.310072853248744
1456,0.15,5,26,11.200291318159946
1457,0.15,5,26,26.03959085827925
1458,0.15,5,26,13.453543521171037
1459,0.15,5,26,6.407673920583661
1460,0.15,5,26,11.467293929643455
1461,0.15,5,26,9.268498031542066
1462,0.15,5,26,6.081633723271903
1463,0.15,5,26,19.45922837324496
1464,0.15,5,26,4.89685936661073
1465,0.15,5,26,18.48738135260313
1466,0.15,5,26,15.661123420071254
1467,0.15,5,26,13.582891908653808
1468,0.15,5,26,7.318893033058171
1469,0.15,5,26,5.891921186076864
1470,0.15,5,26,12.376544100517123
1471,0.15,5,26,12.56026534001735
1472,0.15,5,26,10.620722030802234
1473,0.15,5,26,6.672124514007865
1474,0.15,5,26,17.77970876934417
1475,0.15,5,25,5.691554984123976
1476,0.15,5,26,6.124099088960479
1477,0.15,5,26,5.853624451098522
1478,0.15,5,26,17.077510195600578
1479,0.15,5,26,5.544906058163001
1480,0.15,5,26,8.01742768292647
1481,0.15,5,26,4.893373179015052
1482,0.15,5,26,15.303110243069172
1483,0.15,5,26,10.342904233670321
1484,0.15,5,26,7.762932713941291
1485,0.15,5,26,5.109460830292391
1486,0.15,5,26,9.40421448422246
1487,0.15,5,26,21.002620837491303
1488,0.15,5,26,9.171068098399385
1489,0.15,5,26,9.531685092290788
1490,0.15,5,26,7.606256738332244
1491,0.15,5,26,21.567430105066055
1492,0.15,5,26,10.647138550965277
1493,0.15,5,25,4.7149663420064805
1494,0.15,5,26,16.252951075929538
1495,0.15,5,26,14.693361033042413
1496,0.15,5,26,8.6277608408607
1497,0.15,5,26,7.488897441260551
1498,0.15,5,26,5.589261220816615
1499,0.15,5,26,11.357197365891492
1500,0.15,5,26,11.198044797997364
1501,0.15,5,26,8.139494065072306
1502,0.15,5,26,5.229757431950234
1503,0.15,5,26,5.037017026660605
1504,0.15,5,26,4.670792344332288
1505,0.15,5,26,6.586565154105834
1506,0.15,5,26,13.332332150443666
1507,0.15,5,26,13.37355781611691
1508,0.15,5,26,7.347587705951077
1509,0.15,5,26,9.122894441409995
1510,0.15,5,26,9.924705812617749
1511,0.15,5,26,10.560110636783588
1512,0.15,5,26,9.332961085646039
1513,0.15,5,26,11.633263026974197
1514,0.15,5,26,7.107463068273954
1515,0.15,5,26,8.080871947240665
1516,0.15,5,26,10.062450398333429
1517,0.15,5,26,8.237581094170734
1518,0.15,5,26,15.471759760999905
1519,0.15,5,26,5.438805513446365
1520,0.15,5,26,6.915791737869041
1521,0.15,5,26,5.940946599171324
1522,0.15,5,26,20.836426291817215
1523,0.15,5,26,5.861120965201694
1524,0.15,5,26,8.504818560764637
1525,0.15,5,26,6.126223692892586
1526,0.15,5,26,6.9790969993903476
1527,0.15,5,26,6.990788159019913
1528,0.15,5,26,21.452869562013955
1529,0.15,5,26,16.05582913605353
1530,0.15,5,26,9.559600074632339
1531,0.15,5,26,20.651719730804505
1532,0.15,5,26,5.961684633888299
1533,0.15,5,26,15.321947619463382
1534,0.15,5,26,8.196213054051878
1535,0.15,5,26,6.071890176137969
1536,0.15,5,26,7.04784208577059
1537,0.15,5,26,7.075427291666085
1538,0.15,5,26,13.973833264108812
1539,0.15,5,26,5.223266884293
1540,0.15,5,26,15.5315101149324
1541,0.15,5,26,9.145618722090392
1542,0.15,5,26,6.119939347488327
1543,0.15,5,26,5.466247068657773
1544,0.15,5,26,9.754982375905486
1545,0.15,5,26,9.113235077468506
1546,0.15,5,26,8.987283693858812
1547,0.15,5,26,5.694936610258434
1548,0.15,5,26,19.4681133253715
1549,0.15,5,26,6.660167743324667
1550,0.15,5,26,11.819297708973437
1551,0.15,5,26,7.517985297010012
1552,0.15,5,26,8.649035651070866
1553,0.15,5,26,6.2282129193175
1554,0.15,5,26,10.76380160753489
1555,0.15,5,26,10.491273190556464
1556,0.15,5,26,10.486994093139325
1557,0.15,5,26,16.00526101722829
1558,0.15,5,26,5.613534491761097
1559,0.15,5,26,11.415268732320094
1560,0.15,5,26,6.160449351662667
1561,0.15,5,26,6.521225640145754
1562,0.15,5,26,10.67202232962669
1563,0.15,5,26,23.678921209940672
1564,0.15,5,26,12.416585464324275
1565,0.15,5,26,4.803585918404187
1566,0.15,5,26,18.647990404466515
1567,0.15,5,26,13.335534348122358
1568,0.15,5,26,17.705099398023066
1569,0.15,5,26,7.261437629569538
1570,0.15,5,26,9.226670375180104
1571,0.15,5,26,9.465211425017822
1572,0.15,5,26,8.522570925241807
1573,0.15,5,26,20.333236249774135
1574,0.15,5,26,10.552924251358787
1575,0.15,5,26,9.787198480950275
1576,0.15,5,25,6.312759642262515
1577,0.15,5,26,7.0062094247775875
1578,0.15,5,26,11.476758505837156
1579,0.15,5,26,19.171428374938664
1580,0.15,5,26,6.603043112412774
1581,0.15,5,26,7.905189953895237
1582,0.15,5,26,9.392217553643322
1583,0.15,5,26,9.978732753288543
1584,0.15,5,26,5.060453769325808
1585,0.15,5,26,7.414010417389936
1586,0.15,5,26,5.166896341482313
1587,0.15,5,26,12.739456338149676
1588,0.15,5,26,8.724272768151376
1589,0.15,5,26,14.584384486666545
1590,0.15,5,26,22.61916213576196
1591,0.15,5,26,12.334023685582116
1592,0.15,5,26,9.715393488288012
1593,0.15,5,26,4.955181933417576
1594,0.15,5,26,5.1340328747750945
1595,0.15,5,26,5.925370460076964
1596,0.15,5,26,16.3296136337612
1597,0.15,5,26,10.367476636420138
1598,0.15,5,26,7.371476395009371
1599,0.15,5,26,11.479156413548967
1600,0.15,5,26,9.894364599933335
1601,0.15,5,26,17.193556820353468
1602,0.15,5,26,13.413173477436768
1603,0.15,5,26,6.2411801769472435
1604,0.15,5,26,12.713111414312346
1605,0.15,5,26,11.823959727658972
1606,0.15,5,26,12.379504618862
1607,0.15,5,26,17.144885275535035
1608,0.15,5,26,7.413660692745132
1609,0.15,5,26,13.624172023387814
1610,0.15,5,26,13.710752676892863
1611,0.15,5,26,14.219110815411408
1612,0.15,5,26,13.646209276592405
1613,0.15,5,26,7.387846103125679
1614,0.15,5,26,9.055968250220765
1615,0.15,5,26,7.292357477880031
1616,0.15,5,26,9.47479162216097
1617,0.15,5,26,10.743767210193242
1618,0.15,5,26,17.353303298202068
1619,0.15,5,26,13.470520873823943
1620,0.15,5,26,10.47077002129662
1621,0.15,5,26,6.405848175237889
1622,0.15,5,26,23.428118873644575
1623,0.15,5,26,13.795602855686935
1624,0.15,5,26,5.924091032695825
1625,0.15,5,25,3.6057924574899154
1626,0.15,5,26,6.865758738946648
1627,0.15,5,26,10.468200736622315
1628,0.15,5,26,17.964520810705043
1629,0.15,5,26,5.4297763340507625
1630,0.15,5,26,12.396841739631219
1631,0.15,5,26,7.942264922465109
1632,0.15,5,26,9.155348715912666
1633,0.15,5,26,7.220579591728975
1634,0.15,5,26,17.043179367666
1635,0.15,5,26,14.599508747566542
1636,0.15,5,26,6.321882323799026
1637,0.15,5,26,4.91270720091738
1638,0.15,5,26,10.687696266682183
1639,0.15,5,26,8.50313157197495
1640,0.15,5,26,10.596508981279115
1641,0.15,5,26,5.7327248619039795
1642,0.15,5,26,20.625677461117217
1643,0.15,5,26,16.331104043975085
1644,0.15,5,26,18.452147971911305
1645,0.15,5,26,18.802491915780315
1646,0.15,5,26,11.711531492508
1647,0.15,5,26,8.01851766237389
1648,0.15,5,26,3.9920069628210753
1649,0.15,5,26,5.088044098474683
1650,0.15,5,26,14.097455631244657
1651,0.15,5,26,11.90305945519532
1652,0.15,5,26,6.593172888390094
1653,0.15,5,26,19.784501455982742
1654,0.15,5,26,17.772590916641548
1655,0.15,5,26,14.166865752454394
1656,0.15,5,26,15.798940308939796
1657,0.15,5,26,7.577916695114228
1658,0.15,5,26,6.232071057200056
1659,0.15,5,26,10.148943979055304
1660,0.15,5,26,17.60324118910708
1661,0.15,5,26,8.080954247973994
1662,0.15,5,26,8.526885816712554
1663,0.15,5,26,25.576900001183233
1664,0.15,5,26,11.692178092553295
1665,0.15,5,26,7.987345400726817
1666,0.15,5,26,18.14946842005303
1667,0.15,5,26,29.66166976154212
1668,0.15,5,26,5.225433375629019
1669,0.15,5,26,6.302082773470045
1670,0.15,5,26,9.537375885478083
1671,0.15,5,26,6.239079381968731
1672,0.15,5,26,6.2646873842538655
1673,0.15,5,26,6.535830268996062
1674,0.15,5,26,6.918526800827973
1675,0.15,5,26,4.856094276654463
1676,0.15,5,26,10.321476823273061
1677,0.15,5,26,12.234103550252799
1678,0.15,5,26,7.239841649359288
1679,0.15,5,26,6.462813048910462
1680,0.15,5,26,15.946313359859587
1681,0.15,5,26,9.521207550374188
1682,0.15,5,25,6.051901620276542
1683,0.15,5,26,5.163946252570141
1684,0.15,5,26,7.023839184189249
1685,0.15,5,26,15.404556582485013
1686,0.15,5,26,10.028111357840903
1687,0.15,5,26,14.683687382414503
1688,0.15,5,26,7.116663385850582
1689,0.15,5,26,5.487065423699248
1690,0.15,5,26,8.596052261041537
1691,0.15,5,26,23.775483379210485
1692,0.15,5,26,4.099222997356898
1693,0.15,5,26,9.5402925980773
1694,0.15,5,26,16.489305029564864
1695,0.15,5,26,23.615219254380253
1696,0.15,5,26,7.4400260577171045
1697,0.15,5,26,5.738587783363537
1698,0.15,5,26,10.227353856328238
1699,0.15,5,26,23.778673388661318
1700,0.15,5,26,13.770229567756664
1701,0.15,5,26,6.75432153905113
1702,0.15,5,26,6.908542074325996
1703,0.15,5,26,16.764405059158168
1704,0.15,5,26,9.233605197477317
1705,0.15,5,26,15.88981573030537
1706,0.15,5,26,9.658274839240695
1707,0.15,5,26,19.98858828294224
1708,0.15,5,26,15.790684976002957
1709,0.15,5,26,4.584777851105288
1710,0.15,5,26,6.1847612245356745
1711,0.15,5,26,8.948741570259488
1712,0.15,5,26,17.86425575899653
1713,0.15,5,26,16.08788163406889
1714,0.15,5,26,20.533119102280214
1715,0.15,5,26,9.984601353779686
1716,0.15,5,26,12.59653270060634
1717,0.15,5,26,11.054712546589379
1718,0.15,5,26,11.889200026961124
1719,0.15,5,26,11.210157711107787
1720,0.15,5,26,10.72519699781016
1721,0.15,5,26,22.72731885120061
1722,0.15,5,26,5.080143473436517
1723,0.15,5,26,22.324517904424617
1724,0.15,5,26,6.681890211239021
1725,0.15,5,26,11.065290828287397
1726,0.15,5,26,7.119069377707497
1727,0.15,5,26,16.474066553143764
1728,0.15,5,25,4.887437978011304
1729,0.15,5,26,11.264449550008495
1730,0.15,5,26,10.737671528703135
1731,0.15,5,26,5.545919547097664
1732,0.15,5,26,13.585898719685584
1733,0.15,5,26,10.676519763419115
1734,0.15,5,26,5.878949061141976
1735,0.15,5,26,10.717587913417967
1736,0.15,5,26,10.355341312914648
1737,0.15,5,26,13.9560557605097
1738,0.15,5,26,8.96511912591072
1739,0.15,5,26,10.250774419310074
1740,0.15,5,26,8.357171003790784
1741,0.15,5,26,11.886999109606743
1742,0.15,5,26,5.850392634246165
1743,0.15,5,26,17.366787474317164
1744,0.15,5,26,8.426614089729295
1745,0.15,5,26,9.299428742429981
1746,0.15,5,26,10.835922659421776
1747,0.15,5,26,13.007763483044362
1748,0.15,5,26,5.869536767073325
1749,0.15,5,26,9.360526562221331
1750,0.15,5,26,5.507150263955402
1751,0.15,5,26,17.325906251231242
1752,0.15,5,26,7.881704978847875
1753,0.15,5,26,7.978011066083965
1754,0.15,5,26,11.092125272407175
1755,0.15,5,26,5.512851916683354
1756,0.15,5,26,18.995236857694795
1757,0.15,5,25,3.46509324324778
1758,0.15,5,26,9.071878141877566
1759,0.15,5,26,8.836231735432518
1760,0.15,5,26,8.195455395375554
1761,0.15,5,26,19.325127414734215
1762,0.15,5,26,4.335610595143608
1763,0.15,5,26,6.850865569507467
1764,0.15,5,26,21.29097197057739
1765,0.15,5,26,6.071609664649682
1766,0.15,5,26,9.165737827322497
1767,0.15,5,26,6.34207750832134
1768,0.15,5,26,12.014051751288196
1769,0.15,5,26,8.156277058362079
1770,0.15,5,26,5.717744005319267
1771,0.15,5,26,9.761531121327883
1772,0.15,5,26,7.492612630042881
1773,0.15,5,26,4.510432321049838
1774,0.15,5,26,7.105531404099707
1775,0.15,5,26,14.211047320992785
1776,0.15,5,26,6.756837226462002
1777,0.15,5,26,11.242353483337247
1778,0.15,5,26,9.30979510789492
1779,0.15,5,26,9.398415844240267
1780,0.15,5,26,20.991128928879217
1781,0.15,5,26,8.50953629346354
1782,0.15,5,26,6.872168297966901
1783,0.15,5,26,4.878793397795321
1784,0.15,5,26,14.617210112598993
1785,0.15,5,26,5.237840068632635
1786,0.15,5,26,7.049998427931919
1787,0.15,5,26,8.50914493600958
1788,0.15,5,26,8.167675394830267
1789,0.15,5,26,6.988131206864026
1790,0.15,5,26,13.419653418455068
1791,0.15,5,26,13.716058050443536
1792,0.15,5,26,8.343006996661021
1793,0.15,5,26,15.441149173928489
1794,0.15,5,26,9.085872298426866
1795,0.15,5,26,15.398253091119606
1796,0.15,5,26,7.601908847999439
1797,0.15,5,26,9.733002000101893
1798,0.15,5,26,6.479316851607802
1799,0.15,5,26,6.374345813011952
1800,0.15,5,26,5.822372114569677
1801,0.15,5,26,11.647834049953238
1802,0.15,5,26,15.489648488530547
1803,0.15,5,26,5.227972508918468
1804,0.15,5,26,11.049903878305805
1805,0.15,5,26,9.656870598915301
1806,0.15,5,26,16.56782656465233
1807,0.15,5,26,12.878065057243093
1808,0.15,5,17,1.9223329174168842
1809,0.15,5,22,5.950394561398764
1810,0.15,5,26,24.581690060231576
1811,0.15,5,26,10.518455635133574
1812,0.15,5,26,15.196723898931637
1813,0.15,5,26,6.340311695809721
1814,0.15,5,26,11.925947347805861
1815,0.15,5,26,6.446324707515844
1816,0.15,5,26,11.811840596199621
1817,0.15,5,26,8.584043311789802
1818,0.15,5,26,11.299757441760736
1819,0.15,5,26,10.682357705685563
1820,0.15,5,26,19.38973575996299
1821,0.15,5,26,8.618307174516
1822,0.15,5,26,8.948099783488352
1823,0.15,5,26,5.423458065711959
1824,0.15,5,26,10.652396359376475
1825,0.15,5,26,9.255029096151205
1826,0.15,5,26,6.991276788478513
1827,0.15,5,26,7.364257934357361
1828,0.15,5,26,5.043208232943535
1829,0.15,5,26,9.207700611883556
1830,0.15,5,26,4.182626279834399
1831,0.15,5,26,8.216934174799837
1832,0.15,5,26,8.580802888543824
1833,0.15,5,26,10.903602694551582
1834,0.15,5,26,11.251322969479656
1835,0.15,5,26,10.942045835372191
1836,0.15,5,26,19.357557592185145
1837,0.15,5,26,3.856167921240197
1838,0.15,5,26,11.285894759824197
1839,0.15,5,26,2.947399915052868
1840,0.15,5,26,14.09654646579506
1841,0.15,5,26,6.041965720757577
1842,0.15,5,26,25.552179403502603
1843,0.15,5,26,7.987997170920732
1844,0.15,5,26,5.492094405946228
1845,0.15,5,26,6.7245988738983575
1846,0.15,5,26,5.52802691836093
1847,0.15,5,26,8.632751838496672
1848,0.15,5,26,9.736896237981016
1849,0.15,5,26,6.732082101752777
1850,0.15,5,26,13.531835314096742
1851,0.15,5,25,4.93912605749455
1852,0.15,5,26,6.162934266229413
1853,0.15,5,26,10.242570072006313
1854,0.15,5,26,5.315748923634775
1855,0.15,5,26,6.194252536629921
1856,0.15,5,26,15.063923662122306
1857,0.15,5,26,6.10008738957951
1858,0.15,5,26,6.593159821193652
1859,0.15,5,26,6.7615056205162345
1860,0.15,5,25,6.8413593911076545
1861,0.15,5,26,15.178419517499181
1862,0.15,5,26,9.798130881159869
1863,0.15,5,26,23.226268919576036
1864,0.15,5,26,9.05875969582263
1865,0.15,5,26,9.727261723640456
1866,0.15,5,26,6.077546868962258
1867,0.15,5,26,5.115686747075218
1868,0.15,5,26,18.081268114888783
1869,0.15,5,26,8.514377935408058
1870,0.15,5,26,9.881809637337572
1871,0.15,5,26,10.131147424754442
1872,0.15,5,26,13.054573114454577
1873,0.15,5,26,3.6904864514312195
1874,0.15,5,26,7.613190295602587
1875,0.15,5,26,8.727820653553005
1876,0.15,5,26,6.668975959980352
1877,0.15,5,26,6.795458499875888
1878,0.15,5,26,9.99714397744373
1879,0.15,5,26,19.73231641306605
1880,0.15,5,26,11.680042239945267
1881,0.15,5,26,6.686586033491099
1882,0.15,5,26,12.14774575135241
1883,0.15,5,26,17.90804371357003
1884,0.15,5,26,14.111052147729373
1885,0.15,5,26,9.229247486774115
1886,0.15,5,26,26.710924584584134
1887,0.15,5,26,8.498837712896087
1888,0.15,5,26,8.577069377020221
1889,0.15,5,26,5.0995617137226406
1890,0.15,5,26,9.182100903319698
1891,0.15,5,26,9.120818837886409
1892,0.15,5,26,17.394728645562466
1893,0.15,5,26,11.345102051050562
1894,0.15,5,26,14.493034452175952
1895,0.15,5,26,6.672987122759365
1896,0.15,5,26,15.974231168927906
1897,0.15,5,26,16.994154999804834
1898,0.15,5,26,6.653969313124394
1899,0.15,5,26,7.614175366572114
1900,0.15,5,26,8.808573771121674
1901,0.15,5,26,11.843376149255548
1902,0.15,5,26,3.4854450926662186
1903,0.15,5,26,7.146780633991413
1904,0.15,5,26,7.315231351620886
1905,0.15,5,26,5.338840862728669
1906,0.15,5,26,7.3401140100184605
1907,0.15,5,26,7.192994726653577
1908,0.15,5,26,22.823463515668855
1909,0.15,5,26,6.301381446553522
1910,0.15,5,26,6.489318031015374
1911,0.15,5,26,8.875338930905027
1912,0.15,5,26,16.500617534242565
1913,0.15,5,26,19.34548403910489
1914,0.15,5,26,14.473166350187665
1915,0.15,5,26,7.657849600081488
1916,0.15,5,26,7.441536137249942
1917,0.15,5,26,13.377060429768836
1918,0.15,5,26,7.737632301286494
1919,0.15,5,26,10.533909168170892
1920,0.15,5,26,7.019399711128706
1921,0.15,5,26,5.8737117022634235
1922,0.15,5,26,17.620818151917927
1923,0.15,5,26,20.96452584258084
1924,0.15,5,26,17.981139590545936
1925,0.15,5,26,15.683823069970375
1926,0.15,5,26,5.580583600259398
1927,0.15,5,26,11.371775693717654
1928,0.15,5,26,6.979829048612855
1929,0.15,5,26,6.335272827465299
1930,0.15,5,26,5.900246073057553
1931,0.15,5,26,9.884706416869605
1932,0.15,5,26,6.502818679039661
1933,0.15,5,26,6.898030905582748
1934,0.15,5,26,3.8012226014086195
1935,0.15,5,26,6.8457370113966505
1936,0.15,5,26,14.349044632449296
1937,0.15,5,26,9.261809958843985
1938,0.15,5,26,7.9312540493828285
1939,0.15,5,26,8.246191118318407
1940,0.15,5,26,9.459832626748877
1941,0.15,5,26,22.37839061884428
1942,0.15,5,25,5.62871061851436
1943,0.15,5,26,7.253534486395936
1944,0.15,5,26,13.641167742326937
1945,0.15,5,26,19.06946036044391
1946,0.15,5,26,6.30132986893492
1947,0.15,5,26,9.868359392656368
1948,0.15,5,26,10.003756549404864
1949,0.15,5,26,4.8555713736157875
1950,0.15,5,26,6.532168572528971
1951,0.15,5,26,20.593354288720683
1952,0.15,5,26,7.091545745505729
1953,0.15,5,26,7.0373277584597105
1954,0.15,5,26,5.915621969790613
1955,0.15,5,26,9.623473054315498
1956,0.15,5,26,8.9106244167446
1957,0.15,5,26,11.046581295456459
1958,0.15,5,26,5.581311396461921
1959,0.15,5,26,14.567180175990243
1960,0.15,5,26,26.55395476096419
1961,0.15,5,26,15.770254127744831
1962,0.15,5,26,5.867520769763012
1963,0.15,5,26,8.751848506731694
1964,0.15,5,26,9.676089580721408
1965,0.15,5,26,6.787295163647204
1966,0.15,5,26,9.800767033848388
1967,0.15,5,26,4.134413270946306
1968,0.15,5,26,8.051414015517905
1969,0.15,5,26,6.166601100469735
1970,0.15,5,26,10.518932019135288
1971,0.15,5,26,12.26450044032416
1972,0.15,5,26,5.255527703705396
1973,0.15,5,26,6.945976805439513
1974,0.15,5,26,7.2289561341787305
1975,0.15,5,26,9.105905550391336
1976,0.15,5,26,5.79188210091172
1977,0.15,5,26,8.211770741873034
1978,0.15,5,26,6.24594381992371
1979,0.15,5,26,6.160341170360064
1980,0.15,5,26,6.539839166984226
1981,0.15,5,26,6.111448533417383
1982,0.15,5,26,3.8369636162645304
1983,0.15,5,26,12.47246882257124
1984,0.15,5,26,5.340198987549535
1985,0.15,5,26,16.25598178892216
1986,0.15,5,26,16.77300201453621
1987,0.15,5,26,9.575914587336088
1988,0.15,5,26,17.451298361205954
1989,0.15,5,26,7.287629784952557
1990,0.15,5,26,9.989490475349099
1991,0.15,5,26,5.307533109950111
1992,0.15,5,26,7.916478923496328
1993,0.15,5,26,8.684219640650383
1994,0.15,5,26,5.085219787584424
1995,0.15,5,25,5.177760362809255
1996,0.15,5,26,9.58037887539141
1997,0.15,5,26,5.997939973201864
1998,0.15,5,26,5.858938453925646
1999,0.15,5,26,6.404228518246093
2000,0.15,5,26,8.239006217254122
2001,0.15,5,26,12.06070700758235
2002,0.15,5,26,16.147393599534404
2003,0.15,5,26,10.806000795557821
2004,0.15,5,26,6.8687979878254755
2005,0.15,5,26,15.362570568184493
2006,0.15,5,26,16.256985074789473
2007,0.15,5,26,22.561874961835954
2008,0.15,5,26,8.830170231302908
2009,0.15,5,26,6.305971434362072
2010,0.15,5,26,17.96919266264956
2011,0.15,5,26,11.877551725293614
2012,0.15,5,26,12.603110645332228
2013,0.15,5,26,17.00992430455252
2014,0.15,5,26,5.1417317879946225
2015,0.15,5,26,8.021427056544974
2016,0.15,5,26,11.941588121374048
2017,0.15,5,26,13.178852759431235
2018,0.15,5,26,6.952964380641351
2019,0.15,5,26,7.560504628782929
2020,0.15,5,26,5.894125485440567
2021,0.15,5,26,4.28012414354633
2022,0.15,5,26,5.5854893543288195
2023,0.15,5,26,11.192055040534708
2024,0.15,5,26,5.938610753822577
2025,0.15,5,26,13.904940080214432
2026,0.15,5,26,29.751076638368048
2027,0.15,5,26,19.781314577845787
2028,0.15,5,26,6.727848395204272
2029,0.15,5,26,7.729875991061926
2030,0.15,5,26,8.26825205072127
2031,0.15,5,26,7.854118667117
2032,0.15,5,26,9.336917158119272
2033,0.15,5,26,12.81910405480855
2034,0.15,5,26,21.21155320337272
2035,0.15,5,26,22.258277869525163
2036,0.15,5,26,6.215867944077791
2037,0.15,5,26,18.94356687233277
2038,0.15,5,26,18.66302276774524
2039,0.15,5,26,11.306802954136934
2040,0.15,5,26,6.476493718663625
2041,0.15,5,26,12.302478281370602
2042,0.15,5,26,7.510861478529674
2043,0.15,5,26,6.500572094850252
2044,0.15,5,26,17.78995874119976
2045,0.15,5,26,16.18971311139645
2046,0.15,5,26,21.08432562824625
2047,0.15,5,26,7.6758472808759075
2048,0.15,5,26,6.6521090244649566
2049,0.15,5,26,4.2562609672043905
2050,0.15,5,26,10.186760553069144
2051,0.15,5,26,14.231279173771103
2052,0.15,5,26,4.489139612545442
2053,0.15,5,26,8.55048578113316
2054,0.15,5,26,11.032758047987958
2055,0.15,5,26,6.709020069357411
2056,0.15,5,26,20.31239836000509
2057,0.15,5,26,6.207745985079944
2058,0.15,5,26,12.711986988700675
2059,0.15,5,26,16.968949540476668
2060,0.15,5,26,8.050749461689472
2061,0.15,5,26,3.6408749326571668
2062,0.15,5,26,10.542682306106066
2063,0.15,5,26,7.289842098598788
2064,0.15,5,26,26.196985261652465
2065,0.15,5,26,6.9022922290297295
2066,0.15,5,26,5.951625035122316
2067,0.15,5,26,13.09149580811488
2068,0.15,5,26,6.866168168000901
2069,0.15,5,26,9.982853320460137
2070,0.15,5,26,9.798213034833424
2071,0.15,5,26,4.304541748519469
2072,0.15,5,26,21.173686706079565
2073,0.15,5,26,12.50050304061463
2074,0.15,5,26,7.388194464076324
2075,0.15,5,26,14.794736751454417
2076,0.15,5,26,15.379207509534051
2077,0.15,5,26,4.7272047843318115
2078,0.15,5,26,7.883611973477797
2079,0.15,5,26,11.062469654843431
2080,0.15,5,26,9.069123414530525
2081,0.15,5,26,10.358554388872568
2082,0.15,5,26,20.65901757580134
2083,0.15,5,26,12.387106756738879
2084,0.15,5,26,16.4688876207482
2085,0.15,5,26,9.998038852801407
2086,0.15,5,26,10.580278877290851
2087,0.15,5,26,5.715216625088432
2088,0.15,5,26,17.761330936012456
2089,0.15,5,26,4.475869938569104
2090,0.15,5,26,6.902522914596929
2091,0.15,5,26,8.353529374381694
2092,0.15,5,26,7.469048997515371
2093,0.15,5,26,14.559421246233487
2094,0.15,5,26,10.174012312800736
2095,0.15,5,26,12.442854097334852
2096,0.15,5,26,6.890153334116415
2097,0.15,5,26,11.455295269904065
2098,0.15,5,26,5.077501859845218
2099,0.15,5,26,6.281268411719693
2100,0.15,5,26,10.992953381361978
2101,0.15,5,26,11.757988387050585
2102,0.15,5,26,10.787652391218163
2103,0.15,5,26,19.76220311344454
2104,0.15,5,26,8.518748275008381
2105,0.15,5,26,16.006341733652597
2106,0.15,5,26,7.386021499772756
2107,0.15,5,26,4.72334534608235
2108,0.15,5,26,8.893864114339069
2109,0.15,5,26,7.763952627677315
